Position,Company,Location,URL
백엔드 엔지니어 - Django의 전체 세부 정보,버핏서울,서울 강남구,https://kr.indeed.com/rc/clk?jk=030f598c75175ff8&fccid=f6e11646ad07e7de&vjs=3
서버 개발자 (Ruby On Rails  Flask or Django)의 전체 세부 정보,링글잉글리시에듀케이션서비스,서울 서초구,https://kr.indeed.com/rc/clk?jk=dbbce4bc5d452b8b&fccid=f8de7ed2d48b073e&vjs=3
Python Backend Engineer의 전체 세부 정보,두나무,서울 강남구,https://kr.indeed.com/rc/clk?jk=20d792ea3f7471fa&fccid=6723a9d496e46445&vjs=3
JR0192526 SW engineer intern의 전체 세부 정보,인텔코리아,서울,https://kr.indeed.com/rc/clk?jk=83f4939522ffaa68&fccid=ded06d6a6799d929&vjs=3
인공지능(AI)  빅데이터 외 신입/경력 계약직의 전체 세부 정보,피디젠,수원 팔달구,https://kr.indeed.com/rc/clk?jk=6512673261825b13&fccid=3ccb66b4b32b22a5&vjs=3
위시켓과 함께할 서버개발자님의 전체 세부 정보,위시켓,서울 강남구,https://kr.indeed.com/rc/clk?jk=a3a65a4d59061430&fccid=533c91503ff32d48&vjs=3
[선릉역] 서버개발 백엔드(앱 웹 AWS Python)의 전체 세부 정보,시니어앤파트너즈,서울 강남구,https://kr.indeed.com/rc/clk?jk=6347d79975d98fa3&fccid=59060ddcdf96b101&vjs=3
Backend Engineer의 전체 세부 정보,Riiid Labs,서울,https://kr.indeed.com/rc/clk?jk=03f25e552179fd15&fccid=933989f3b0ffe928&vjs=3
Senior Software Engineer  Backend의 전체 세부 정보,Bear Robotics,서울,https://kr.indeed.com/rc/clk?jk=8615612c375ba488&fccid=d7230dda285fd6ea&vjs=3
데이터 서비스/플랫폼 개발의 전체 세부 정보,NHN,성남 판교역,https://kr.indeed.com/rc/clk?jk=031eec3794f09645&fccid=cc378bd7bc831eca&vjs=3
[포카마켓] 백엔드 Django 개발 주니어 (1년 이상)의 전체 세부 정보,인플루디오,서울 마포구,https://kr.indeed.com/rc/clk?jk=5416e604b35c2665&fccid=0335abd22326f1e2&vjs=3
백엔드 개발자 (Back-end  Python/Django)의 전체 세부 정보,Success Korea,서울,https://kr.indeed.com/rc/clk?jk=c0d4820c756e4497&fccid=d29ddc820620b02e&vjs=3
[포카마켓] 백엔드 개발 리드 (Django)의 전체 세부 정보,인플루디오,서울 마포구,https://kr.indeed.com/rc/clk?jk=74a97d314e63d9cf&fccid=0335abd22326f1e2&vjs=3
8퍼센트 경력 개발자의 전체 세부 정보,8퍼센트,서울 종로구,https://kr.indeed.com/rc/clk?jk=464ef95516a5fa5c&fccid=ac216a9ae7b75c06&vjs=3
경력 / [개발] 빌링(정산) 개발의 전체 세부 정보,해줌,서울 송파구,https://kr.indeed.com/rc/clk?jk=98ed723ecf3dc64a&fccid=a2f5dce9440e4adf&vjs=3
[KR] 데브옵스 엔지니어의 전체 세부 정보,올거나이즈코리아,서울 강남구,https://kr.indeed.com/rc/clk?jk=5a2ce62a34072bce&fccid=707decd4d5b2755e&vjs=3
FinTech 서비스 플랫폼 개발 통해 세상 변화시킬 개발자분 만나고 싶습니다의 전체 세부 정보,핀투비,서울 여의도,https://kr.indeed.com/rc/clk?jk=b01342d6d3c2a24a&fccid=1637bdd8f03e93aa&vjs=3
네트워크 엔지니어 모집의 전체 세부 정보,엔씨소프트,성남 판교역,https://kr.indeed.com/rc/clk?jk=f4d81342a6742705&fccid=a1e4e21b1f33cf40&vjs=3
Python_Backend Engineer의 전체 세부 정보,Dunamu,서울,https://kr.indeed.com/rc/clk?jk=272637ad170fe32c&fccid=54c9c086b03b7cdc&vjs=3
Software Engineer의 전체 세부 정보,Bear Robotics,서울,https://kr.indeed.com/rc/clk?jk=8b947e9ef24b7b35&fccid=d7230dda285fd6ea&vjs=3
CTO 영입의 전체 세부 정보,투이 컨설팅,대한민국,https://kr.indeed.com/rc/clk?jk=9cfa77d3af687ca2&fccid=d419a5149f49c794&vjs=3
백엔드 개발자의 전체 세부 정보,뉴트리션코트,서울 강남구,https://kr.indeed.com/rc/clk?jk=d621cbb75440764e&fccid=ac8ee3db34872720&vjs=3
(주)디로그 웹/앱 서비스 개발자 (신입  경력)의 전체 세부 정보,디로그,서울 금천구,https://kr.indeed.com/rc/clk?jk=178a549659f61090&fccid=023ccbfac772e228&vjs=3
MVP 개발 엔지니어(서버  웹프론트) (정규직  계약직  프리랜서)의 전체 세부 정보,더테스터,대전 중구,https://kr.indeed.com/rc/clk?jk=1748baa27965fdbf&fccid=948325a69d70601e&vjs=3
Senior Software Engineer의 전체 세부 정보,Bear Robotics,서울,https://kr.indeed.com/rc/clk?jk=e04d226a6130df5e&fccid=d7230dda285fd6ea&vjs=3
안드로이드 및 서버 개발자의 전체 세부 정보,오늘하루,서울 강남구,https://kr.indeed.com/rc/clk?jk=a70c6568d6be9fb0&fccid=e26f27b9095a9824&vjs=3
백엔드 개발자의 전체 세부 정보,엘리스,서울 강남구,https://kr.indeed.com/rc/clk?jk=12184c9f924106e6&fccid=b00d4b329a5fe2ac&vjs=3
서버 프로그래머 (Server Programming) 모집의 전체 세부 정보,엔씨소프트,성남 판교역,https://kr.indeed.com/rc/clk?jk=dd61761fe20d3478&fccid=a1e4e21b1f33cf40&vjs=3
백엔드 엔지니어의 전체 세부 정보,에이블리코퍼레이션,서울,https://kr.indeed.com/rc/clk?jk=8ee64063e0a30d75&fccid=e98e3bb42308e608&vjs=3
코박(Cobak) Back-end 개발 경력 정규직의 전체 세부 정보,판도라티비,성남 분당구,https://kr.indeed.com/rc/clk?jk=5459853135ad5938&fccid=3e84dca286e83acb&vjs=3
Software Engineer - Ubuntu Systems Management의 전체 세부 정보,Canonical - Jobs,서울,https://kr.indeed.com/rc/clk?jk=6f4d2d192edeebeb&fccid=3911cf63fc0692f4&vjs=3
SW Engineer 경력자 모집의 전체 세부 정보,(주)모아데이타 관심기업 코스닥,성남 시흥동,https://kr.indeed.com/rc/clk?jk=a54f0568ca213411&fccid=e089c848ed0c4599&vjs=3
웹 프론트엔드 개발자의 전체 세부 정보,프루팅,서울 서초구,https://kr.indeed.com/rc/clk?jk=f3814da45c7f7954&fccid=b9e07afb18613786&vjs=3
(Seoul) Backend Engineer · AI Platform의 전체 세부 정보,Lunit,서울,https://kr.indeed.com/rc/clk?jk=7744016435feff34&fccid=9fd48ddc5e331d0e&vjs=3
전기전자컴퓨터공학부(지능형 생명정보 연구실) 위촉연구원(시간제)의 전체 세부 정보,광주과학기술원,광주 북구,https://kr.indeed.com/rc/clk?jk=ab10dd36e38c9106&fccid=617504e506359426&vjs=3
머신러닝  딥러닝 외 경력의 전체 세부 정보,마켓오브메테리얼,울산 울주군,https://kr.indeed.com/rc/clk?jk=73727eb9b279a6a3&fccid=606aec63eb72f6c0&vjs=3
(주)아이엠비디엑스 IT의 전체 세부 정보,주식회사 아이엠비디엑스 관심기업,서울 가산동,https://kr.indeed.com/rc/clk?jk=be45390c17fec256&fccid=bed0ac165b0ca5bd&vjs=3
에바씨엔피 웹 개발자 급구의 전체 세부 정보,에바씨엔피,서울 영등포구,https://kr.indeed.com/rc/clk?jk=38c9f1d0b68f40d4&fccid=c24719f9a97b7f40&vjs=3
백엔드개발  IoT 시스템 데이터 플랫폼 개발자 채용의 전체 세부 정보,(주)엠마헬스케어 관심기업,성남 야탑동,https://kr.indeed.com/rc/clk?jk=214a6d00cee6b791&fccid=007358e8ed4f5a59&vjs=3
[강남/디지털헬스케어] 서버개발자(백엔드) 10년 이하 경력 정규의 전체 세부 정보,경연파트너스,서울 강남구,https://kr.indeed.com/rc/clk?jk=f66b3a10e9dc9d55&fccid=0f76eb1d9acd6c10&vjs=3
웹 백엔드 개발자 경력(정규)직의 전체 세부 정보,아론티어,서울 서초구,https://kr.indeed.com/rc/clk?jk=91d011fdd707f871&fccid=f7ee2929fe1b59a8&vjs=3
[위메프] 보안 R&D Engineer의 전체 세부 정보,위메프,대한민국,https://kr.indeed.com/rc/clk?jk=10e19859fd3d47e3&fccid=2f8799a5ef214646&vjs=3
KAIST 설명가능 인공지능연구센터 위촉연구원 채용공고의 전체 세부 정보,카이스트,대전 유성구,https://kr.indeed.com/rc/clk?jk=df5ef5403f4a4594&fccid=fa74dbe28e96a04f&vjs=3
IT개발 경력사원 수시채용의 전체 세부 정보,GS EPS,당진 송악읍,https://kr.indeed.com/rc/clk?jk=a27f5918e1a5dcd6&fccid=ed7659df3000676f&vjs=3
[Lighthouse] AI Solution 서버 개발자 정규직 채용의 전체 세부 정보,삼정 KPMG,서울 강남구,https://kr.indeed.com/rc/clk?jk=93eebe353ab13da3&fccid=7651bf7c7525e8f6&vjs=3
Web 개발(이커머스 파트)_PHP/CodeIgniter/Javascript의 전체 세부 정보,버드뷰,서울 마포구,https://kr.indeed.com/rc/clk?jk=3292e81e43884c67&fccid=ab4d16fa7d63885d&vjs=3
서울 강남구 인썸니아 시니어 개발자 및 퍼블리셔의 전체 세부 정보,인썸니아,서울 서초구,https://kr.indeed.com/rc/clk?jk=6c1d50662fa2d7f7&fccid=71bba75c2a7d79a0&vjs=3
[코스닥 상장사]디어유 22년 각 부문 경력의 전체 세부 정보,디어유,서울 강남구,https://kr.indeed.com/rc/clk?jk=08b59646163c5d9d&fccid=00478fdc0641d9c6&vjs=3
[Lighthouse] AI Solution 서버 개발자 정규직 채용의 전체 세부 정보,KPMG-Korea,대한민국,https://kr.indeed.com/rc/clk?jk=d6c891d4878a07fc&fccid=2dd390c3a48a7ed0&vjs=3
Developer / Designer recruit의 전체 세부 정보,마이뮤직테이스트,서울 논현동,https://kr.indeed.com/rc/clk?jk=55a19c92c845685e&fccid=74d05cee5b52f133&vjs=3
IT(앱/웹) 개발 및 서비스 운영관리  IT R&D 외 경력의 전체 세부 정보,허니엠앤비,안산 단원구,https://kr.indeed.com/rc/clk?jk=7413ab9a269ef3bc&fccid=0f3be38cbde91546&vjs=3
백엔드 개발 경력직의 전체 세부 정보,외국계 대형 플랫폼사,대한민국,https://kr.indeed.com/rc/clk?jk=58dced95ce3035cd&fccid=a524028bdd057515&vjs=3
스타트업/인공지능연구소 Job사이트 DevOps/개발팀장급/백엔드의 전체 세부 정보,파이오니어에이아이연구소,서울 서초구,https://kr.indeed.com/rc/clk?jk=b6afa22832e54919&fccid=0d253babe88fcb13&vjs=3
[(주)인브레인에이아이] Android  iOS 외 경력 정규직의 전체 세부 정보,인브레인에이아이,서울 금천구,https://kr.indeed.com/rc/clk?jk=27e78d108c59c27a&fccid=fcfaa1d6661c9175&vjs=3
[강남/디지털헬스케어] 서버개발자(백엔드) 10년 이하 경력 정규의 전체 세부 정보,경연파트너스,서울 강남구,https://kr.indeed.com/rc/clk?jk=f66b3a10e9dc9d55&fccid=0f76eb1d9acd6c10&vjs=3
웹 백엔드 개발자 경력(정규)직의 전체 세부 정보,아론티어,서울 서초구,https://kr.indeed.com/rc/clk?jk=91d011fdd707f871&fccid=f7ee2929fe1b59a8&vjs=3
[위메프] 보안 R&D Engineer의 전체 세부 정보,위메프,대한민국,https://kr.indeed.com/rc/clk?jk=10e19859fd3d47e3&fccid=2f8799a5ef214646&vjs=3
[Lighthouse] AI Solution 서버 개발자 정규직 채용의 전체 세부 정보,삼정 KPMG,서울 강남구,https://kr.indeed.com/rc/clk?jk=93eebe353ab13da3&fccid=7651bf7c7525e8f6&vjs=3
KAIST 설명가능 인공지능연구센터 위촉연구원 채용공고의 전체 세부 정보,카이스트,대전 유성구,https://kr.indeed.com/rc/clk?jk=df5ef5403f4a4594&fccid=fa74dbe28e96a04f&vjs=3
IT개발 경력사원 수시채용의 전체 세부 정보,GS EPS,당진 송악읍,https://kr.indeed.com/rc/clk?jk=a27f5918e1a5dcd6&fccid=ed7659df3000676f&vjs=3
Web 개발(이커머스 파트)_PHP/CodeIgniter/Javascript의 전체 세부 정보,버드뷰,서울 마포구,https://kr.indeed.com/rc/clk?jk=3292e81e43884c67&fccid=ab4d16fa7d63885d&vjs=3
서울 강남구 인썸니아 시니어 개발자 및 퍼블리셔의 전체 세부 정보,인썸니아,서울 서초구,https://kr.indeed.com/rc/clk?jk=6c1d50662fa2d7f7&fccid=71bba75c2a7d79a0&vjs=3
[코스닥 상장사]디어유 22년 각 부문 경력의 전체 세부 정보,디어유,서울 강남구,https://kr.indeed.com/rc/clk?jk=08b59646163c5d9d&fccid=00478fdc0641d9c6&vjs=3
[Lighthouse] AI Solution 서버 개발자 정규직 채용의 전체 세부 정보,KPMG-Korea,대한민국,https://kr.indeed.com/rc/clk?jk=d6c891d4878a07fc&fccid=2dd390c3a48a7ed0&vjs=3
Developer / Designer recruit의 전체 세부 정보,마이뮤직테이스트,서울 논현동,https://kr.indeed.com/rc/clk?jk=55a19c92c845685e&fccid=74d05cee5b52f133&vjs=3
IT(앱/웹) 개발 및 서비스 운영관리  IT R&D 외 경력의 전체 세부 정보,허니엠앤비,안산 단원구,https://kr.indeed.com/rc/clk?jk=7413ab9a269ef3bc&fccid=0f3be38cbde91546&vjs=3
스타트업/인공지능연구소 Job사이트 DevOps/개발팀장급/백엔드의 전체 세부 정보,파이오니어에이아이연구소,서울 서초구,https://kr.indeed.com/rc/clk?jk=b6afa22832e54919&fccid=0d253babe88fcb13&vjs=3
[(주)인브레인에이아이] Android  iOS 외 경력 정규직의 전체 세부 정보,인브레인에이아이,서울 금천구,https://kr.indeed.com/rc/clk?jk=27e78d108c59c27a&fccid=fcfaa1d6661c9175&vjs=3
백엔드 개발 경력직의 전체 세부 정보,외국계 대형 플랫폼사,대한민국,https://kr.indeed.com/rc/clk?jk=58dced95ce3035cd&fccid=a524028bdd057515&vjs=3
Senior Open Source Developer & DevOps (Python  Django  React  AWS/OpenStack),OpenCraft,Anywhere in the World,https://weworkremotely.com/remote-jobs/opencraft-senior-open-source-developer-devops-python-django-react-aws-openstack
Senior Python Engineer (Django),Parallel,USA Only,https://weworkremotely.com/remote-jobs/parallel-senior-python-engineer-django
